file,index,voice,lang,speaker_id,phrase,length_scale,noise_scale,noise_w_scale,pitch_shift_semitones,snr_db,gain_db,noise_kind,sample_rate,duration_ms
hey_bonsai_synth_0000_ca_ES-upc_ona-medium.wav,0,ca_ES-upc_ona-medium,ca,,Hei Bonsai,0.987,0.724,0.867,0.0,21.99,1.21,white,16000,1000
hey_bonsai_synth_0001_en_US-lessac-medium.wav,1,en_US-lessac-medium,en,,"Hey, Bonsai",1.082,0.758,0.808,-1.8,21.53,-0.29,white,16000,1000
hey_bonsai_synth_0002_es_ES-sharvard-medium.wav,2,es_ES-sharvard-medium,es,1,Hey Bonsai,0.887,0.599,0.862,0.0,20.5,1.64,pink,16000,1000
hey_bonsai_synth_0003_en_US-amy-medium.wav,3,en_US-amy-medium,en,,Hey Bonsai,1.064,0.595,0.784,-1.75,15.25,0.61,pink,16000,1000
hey_bonsai_synth_0004_en_GB-alba-medium.wav,4,en_GB-alba-medium,en,,Hey Bonsai.,1.076,0.615,0.848,0.0,23.34,-2.16,pink,16000,1000
hey_bonsai_synth_0005_es_ES-sharvard-medium.wav,5,es_ES-sharvard-medium,es,0,"Hey, Bonsái",1.101,0.777,0.615,-1.06,21.77,-4.28,white,16000,1000
hey_bonsai_synth_0006_en_US-ryan-medium.wav,6,en_US-ryan-medium,en,,"Hey, Bonsai",0.987,0.657,0.689,1.39,21.0,1.03,white,16000,1000
hey_bonsai_synth_0007_es_ES-davefx-medium.wav,7,es_ES-davefx-medium,es,,Jey Bonsai,0.929,0.626,0.754,1.14,19.61,-1.57,pink,16000,1000
hey_bonsai_synth_0008_ca_ES-upc_ona-medium.wav,8,ca_ES-upc_ona-medium,ca,,"Hey, Bonsai",1.168,0.799,0.613,0.0,18.01,-2.8,pink,16000,1000
hey_bonsai_synth_0009_en_US-lessac-medium.wav,9,en_US-lessac-medium,en,,"Hey, Bonsai",1.175,0.695,0.636,0.0,19.96,2.8,pink,16000,1000
hey_bonsai_synth_0010_es_ES-sharvard-medium.wav,10,es_ES-sharvard-medium,es,1,"Hey, Bonsái",1.107,0.672,0.76,0.0,21.48,-1.85,white,16000,1000
hey_bonsai_synth_0011_en_US-amy-medium.wav,11,en_US-amy-medium,en,,"Hey, Bonsai",1.086,0.738,0.609,-1.78,16.07,2.31,white,16000,1000
hey_bonsai_synth_0012_en_GB-alba-medium.wav,12,en_GB-alba-medium,en,,Hey Bonsai,1.001,0.72,0.745,0.0,23.48,-0.78,white,16000,1000
hey_bonsai_synth_0013_es_ES-sharvard-medium.wav,13,es_ES-sharvard-medium,es,0,Hey Bonsai,0.85,0.752,0.919,-1.85,16.56,-1.62,pink,16000,1000
hey_bonsai_synth_0014_en_US-ryan-medium.wav,14,en_US-ryan-medium,en,,Hey Bonsai,1.119,0.631,0.865,-1.82,19.97,-5.34,white,16000,1000
hey_bonsai_synth_0015_es_ES-davefx-medium.wav,15,es_ES-davefx-medium,es,,Hey Bonsai,0.881,0.688,0.783,0.0,16.86,-5.06,white,16000,1000
hey_bonsai_synth_0016_ca_ES-upc_ona-medium.wav,16,ca_ES-upc_ona-medium,ca,,"Hey, Bonsai",0.962,0.563,0.848,1.02,17.16,-2.38,white,16000,1000
hey_bonsai_synth_0017_en_US-lessac-medium.wav,17,en_US-lessac-medium,en,,Hey Bonsai.,0.989,0.56,0.74,0.0,20.24,-1.87,white,16000,1000
hey_bonsai_synth_0018_es_ES-sharvard-medium.wav,18,es_ES-sharvard-medium,es,1,"Hey, Bonsái",1.086,0.743,0.861,-1.11,23.23,-2.64,pink,16000,1000
hey_bonsai_synth_0019_en_US-amy-medium.wav,19,en_US-amy-medium,en,,Hey Bonsai,0.907,0.7,0.765,0.0,22.64,-4.63,pink,16000,1000
hey_bonsai_synth_0020_en_GB-alba-medium.wav,20,en_GB-alba-medium,en,,Hey Bonsai.,0.851,0.609,0.723,-1.73,15.91,0.52,white,16000,1000
hey_bonsai_synth_0021_es_ES-sharvard-medium.wav,21,es_ES-sharvard-medium,es,0,Hey Bonsai,0.885,0.689,0.7,0.0,15.89,1.88,pink,16000,1000
hey_bonsai_synth_0022_en_US-ryan-medium.wav,22,en_US-ryan-medium,en,,Hey Bonsai,1.177,0.657,0.91,0.0,23.78,-4.13,pink,16000,1000
hey_bonsai_synth_0023_es_ES-davefx-medium.wav,23,es_ES-davefx-medium,es,,"Hey, Bonsái",1.021,0.703,0.743,-1.39,17.52,-5.1,pink,16000,1000
hey_bonsai_synth_0024_ca_ES-upc_ona-medium.wav,24,ca_ES-upc_ona-medium,ca,,Hey Bonsai,0.896,0.72,0.645,-1.5,15.18,0.54,pink,16000,1000
hey_bonsai_synth_0025_en_US-lessac-medium.wav,25,en_US-lessac-medium,en,,Hey Bonsai.,1.03,0.742,0.636,0.0,22.35,-0.85,white,16000,1000
hey_bonsai_synth_0026_es_ES-sharvard-medium.wav,26,es_ES-sharvard-medium,es,1,Jey Bonsai,1.121,0.704,0.72,1.94,20.32,-2.19,pink,16000,1000
hey_bonsai_synth_0027_en_US-amy-medium.wav,27,en_US-amy-medium,en,,Hey Bonsai,1.007,0.708,0.682,0.0,17.56,-3.18,pink,16000,1000
hey_bonsai_synth_0028_en_GB-alba-medium.wav,28,en_GB-alba-medium,en,,Hey Bonsai,1.074,0.692,0.784,1.05,23.39,2.49,white,16000,1000
hey_bonsai_synth_0029_es_ES-sharvard-medium.wav,29,es_ES-sharvard-medium,es,0,"Hey, Bonsái",0.96,0.665,0.809,0.0,16.87,-3.32,pink,16000,1000
hey_bonsai_synth_0030_en_US-ryan-medium.wav,30,en_US-ryan-medium,en,,Hey Bonsai,1.16,0.683,0.708,1.59,21.82,-2.91,pink,16000,1000
hey_bonsai_synth_0031_es_ES-davefx-medium.wav,31,es_ES-davefx-medium,es,,"Hey, Bonsái",1.178,0.607,0.693,0.0,15.68,-4.07,pink,16000,1000
hey_bonsai_synth_0032_ca_ES-upc_ona-medium.wav,32,ca_ES-upc_ona-medium,ca,,"Hey, Bonsai",1.166,0.598,0.876,0.0,24.5,0.12,white,16000,1000
hey_bonsai_synth_0033_en_US-lessac-medium.wav,33,en_US-lessac-medium,en,,Hey Bonsai.,1.105,0.64,0.912,-1.2,20.38,-1.13,pink,16000,1000
hey_bonsai_synth_0034_es_ES-sharvard-medium.wav,34,es_ES-sharvard-medium,es,1,Jey Bonsai,0.94,0.576,0.7,0.0,17.27,-1.23,white,16000,1000
hey_bonsai_synth_0035_en_US-amy-medium.wav,35,en_US-amy-medium,en,,"Hey, Bonsai",1.102,0.617,0.627,0.0,19.3,-3.23,pink,16000,1000
hey_bonsai_synth_0036_en_GB-alba-medium.wav,36,en_GB-alba-medium,en,,"Hey, Bonsai",1.167,0.722,0.641,0.0,20.24,-4.84,pink,16000,1000
hey_bonsai_synth_0037_es_ES-sharvard-medium.wav,37,es_ES-sharvard-medium,es,0,"Hey, Bonsái",0.948,0.719,0.929,1.37,20.47,-2.59,white,16000,1000
hey_bonsai_synth_0038_en_US-ryan-medium.wav,38,en_US-ryan-medium,en,,Hey Bonsai.,1.102,0.758,0.717,1.54,21.41,-0.73,white,16000,1000
hey_bonsai_synth_0039_es_ES-davefx-medium.wav,39,es_ES-davefx-medium,es,,Hey Bonsai,0.895,0.607,0.725,0.0,21.76,0.93,white,16000,1000
hey_bonsai_synth_0040_ca_ES-upc_ona-medium.wav,40,ca_ES-upc_ona-medium,ca,,Hei Bonsai,1.101,0.707,0.632,0.0,18.73,-5.81,pink,16000,1000
hey_bonsai_synth_0041_en_US-lessac-medium.wav,41,en_US-lessac-medium,en,,Hey Bonsai.,1.037,0.797,0.665,1.86,19.57,-3.29,pink,16000,1000
hey_bonsai_synth_0042_es_ES-sharvard-medium.wav,42,es_ES-sharvard-medium,es,1,Jey Bonsai,1.032,0.662,0.719,1.35,20.09,1.95,pink,16000,1000
hey_bonsai_synth_0043_en_US-amy-medium.wav,43,en_US-amy-medium,en,,Hey Bonsai,1.155,0.714,0.63,-1.48,17.86,-3.96,pink,16000,1000
hey_bonsai_synth_0044_en_GB-alba-medium.wav,44,en_GB-alba-medium,en,,Hey Bonsai,0.851,0.574,0.671,0.0,23.23,-3.91,pink,16000,1000
hey_bonsai_synth_0045_es_ES-sharvard-medium.wav,45,es_ES-sharvard-medium,es,0,Jey Bonsai,1.036,0.628,0.858,1.44,15.75,-1.14,white,16000,1000
hey_bonsai_synth_0046_en_US-ryan-medium.wav,46,en_US-ryan-medium,en,,Hey Bonsai.,0.884,0.653,0.83,-1.32,22.94,-4.99,white,16000,1000
hey_bonsai_synth_0047_es_ES-davefx-medium.wav,47,es_ES-davefx-medium,es,,"Hey, Bonsái",0.928,0.781,0.817,0.0,23.6,0.42,white,16000,1000
hey_bonsai_synth_0048_ca_ES-upc_ona-medium.wav,48,ca_ES-upc_ona-medium,ca,,Hey Bonsai,1.073,0.709,0.779,1.73,15.09,-3.9,pink,16000,1000
hey_bonsai_synth_0049_en_US-lessac-medium.wav,49,en_US-lessac-medium,en,,Hey Bonsai.,1.062,0.769,0.611,1.08,19.96,1.75,white,16000,1000
hey_bonsai_synth_0050_es_ES-sharvard-medium.wav,50,es_ES-sharvard-medium,es,1,"Hey, Bonsái",0.896,0.606,0.687,-1.71,17.75,1.91,pink,16000,1000
hey_bonsai_synth_0051_en_US-amy-medium.wav,51,en_US-amy-medium,en,,"Hey, Bonsai",0.96,0.727,0.928,0.0,18.2,-3.45,pink,16000,1000
hey_bonsai_synth_0052_en_GB-alba-medium.wav,52,en_GB-alba-medium,en,,"Hey, Bonsai",0.945,0.707,0.696,-1.86,16.16,-3.67,pink,16000,1000
hey_bonsai_synth_0053_es_ES-sharvard-medium.wav,53,es_ES-sharvard-medium,es,0,Jey Bonsai,0.967,0.766,0.874,0.0,15.8,-5.51,pink,16000,1000
hey_bonsai_synth_0054_en_US-ryan-medium.wav,54,en_US-ryan-medium,en,,Hey Bonsai.,0.991,0.751,0.775,0.0,19.28,-3.13,white,16000,1000
hey_bonsai_synth_0055_es_ES-davefx-medium.wav,55,es_ES-davefx-medium,es,,Jey Bonsai,0.864,0.731,0.779,0.0,20.46,0.64,white,16000,1000
hey_bonsai_synth_0056_ca_ES-upc_ona-medium.wav,56,ca_ES-upc_ona-medium,ca,,Hey Bonsai,1.13,0.644,0.72,-1.59,23.62,1.15,pink,16000,1000
hey_bonsai_synth_0057_en_US-lessac-medium.wav,57,en_US-lessac-medium,en,,Hey Bonsai,0.955,0.635,0.825,1.43,16.81,2.34,white,16000,1000
hey_bonsai_synth_0058_es_ES-sharvard-medium.wav,58,es_ES-sharvard-medium,es,1,Hey Bonsai,1.198,0.604,0.869,-1.71,15.23,1.62,white,16000,1000
hey_bonsai_synth_0059_en_US-amy-medium.wav,59,en_US-amy-medium,en,,"Hey, Bonsai",0.933,0.755,0.941,1.74,23.04,-0.64,pink,16000,1000
hey_bonsai_synth_0060_en_GB-alba-medium.wav,60,en_GB-alba-medium,en,,"Hey, Bonsai",1.187,0.703,0.722,1.62,16.39,-5.04,pink,16000,1000
hey_bonsai_synth_0061_es_ES-sharvard-medium.wav,61,es_ES-sharvard-medium,es,0,Hey Bonsai,0.96,0.776,0.715,0.0,15.15,-2.83,pink,16000,1000
hey_bonsai_synth_0062_en_US-ryan-medium.wav,62,en_US-ryan-medium,en,,Hey Bonsai,0.873,0.734,0.88,-1.68,21.95,-1.39,white,16000,1000
hey_bonsai_synth_0063_es_ES-davefx-medium.wav,63,es_ES-davefx-medium,es,,Jey Bonsai,1.143,0.583,0.612,0.0,17.15,-4.81,white,16000,1000
hey_bonsai_synth_0064_ca_ES-upc_ona-medium.wav,64,ca_ES-upc_ona-medium,ca,,"Hey, Bonsai",1.15,0.716,0.656,1.77,17.75,-5.21,white,16000,1000
hey_bonsai_synth_0065_en_US-lessac-medium.wav,65,en_US-lessac-medium,en,,Hey Bonsai,0.88,0.63,0.891,1.81,16.75,1.15,pink,16000,1000
hey_bonsai_synth_0066_es_ES-sharvard-medium.wav,66,es_ES-sharvard-medium,es,1,Hey Bonsai,1.164,0.593,0.69,0.0,21.13,-4.75,pink,16000,1000
hey_bonsai_synth_0067_en_US-amy-medium.wav,67,en_US-amy-medium,en,,Hey Bonsai,1.138,0.59,0.778,0.0,16.6,-4.22,pink,16000,1000
hey_bonsai_synth_0068_en_GB-alba-medium.wav,68,en_GB-alba-medium,en,,Hey Bonsai,0.961,0.733,0.802,0.0,21.2,-1.3,pink,16000,1000
hey_bonsai_synth_0069_es_ES-sharvard-medium.wav,69,es_ES-sharvard-medium,es,0,Jey Bonsai,0.888,0.771,0.703,0.0,23.51,-2.55,white,16000,1000
hey_bonsai_synth_0070_en_US-ryan-medium.wav,70,en_US-ryan-medium,en,,Hey Bonsai,1.124,0.795,0.62,1.28,15.65,-3.65,pink,16000,1000
hey_bonsai_synth_0071_es_ES-davefx-medium.wav,71,es_ES-davefx-medium,es,,"Hey, Bonsái",1.123,0.716,0.716,0.0,15.4,-3.36,pink,16000,1000
hey_bonsai_synth_0072_ca_ES-upc_ona-medium.wav,72,ca_ES-upc_ona-medium,ca,,Hey Bonsai,0.957,0.615,0.789,0.0,20.79,-3.58,white,16000,1000
hey_bonsai_synth_0073_en_US-lessac-medium.wav,73,en_US-lessac-medium,en,,Hey Bonsai,1.158,0.691,0.614,0.0,22.08,-4.63,white,16000,1000
hey_bonsai_synth_0074_es_ES-sharvard-medium.wav,74,es_ES-sharvard-medium,es,1,"Hey, Bonsái",1.176,0.607,0.651,-1.11,21.27,0.66,pink,16000,1000
hey_bonsai_synth_0075_en_US-amy-medium.wav,75,en_US-amy-medium,en,,Hey Bonsai,1.064,0.727,0.861,0.0,18.19,-1.09,white,16000,1000
hey_bonsai_synth_0076_en_GB-alba-medium.wav,76,en_GB-alba-medium,en,,Hey Bonsai.,1.182,0.685,0.651,0.0,23.82,-5.34,pink,16000,1000
hey_bonsai_synth_0077_es_ES-sharvard-medium.wav,77,es_ES-sharvard-medium,es,0,Jey Bonsai,0.926,0.639,0.7,0.0,16.85,-5.62,white,16000,1000
hey_bonsai_synth_0078_en_US-ryan-medium.wav,78,en_US-ryan-medium,en,,Hey Bonsai,0.982,0.783,0.754,0.0,18.08,-2.09,pink,16000,1000
hey_bonsai_synth_0079_es_ES-davefx-medium.wav,79,es_ES-davefx-medium,es,,Jey Bonsai,1.179,0.788,0.633,0.0,23.21,-1.21,pink,16000,1000
hey_bonsai_synth_0080_ca_ES-upc_ona-medium.wav,80,ca_ES-upc_ona-medium,ca,,Hey Bonsai,1.043,0.785,0.855,1.68,17.59,-0.99,pink,16000,1000
hey_bonsai_synth_0081_en_US-lessac-medium.wav,81,en_US-lessac-medium,en,,Hey Bonsai,1.084,0.707,0.637,1.08,21.74,-0.19,pink,16000,1000
hey_bonsai_synth_0082_es_ES-sharvard-medium.wav,82,es_ES-sharvard-medium,es,1,Jey Bonsai,0.88,0.741,0.675,0.0,24.65,-2.02,pink,16000,1000
hey_bonsai_synth_0083_en_US-amy-medium.wav,83,en_US-amy-medium,en,,"Hey, Bonsai",1.041,0.569,0.684,1.52,19.89,-4.61,pink,16000,1000
hey_bonsai_synth_0084_en_GB-alba-medium.wav,84,en_GB-alba-medium,en,,Hey Bonsai,0.897,0.57,0.625,-1.47,17.41,-3.59,pink,16000,1000
hey_bonsai_synth_0085_es_ES-sharvard-medium.wav,85,es_ES-sharvard-medium,es,0,Jey Bonsai,0.938,0.608,0.632,-1.52,24.28,-2.96,white,16000,1000
hey_bonsai_synth_0086_en_US-ryan-medium.wav,86,en_US-ryan-medium,en,,Hey Bonsai.,1.132,0.575,0.774,0.0,17.58,-0.42,pink,16000,1000
hey_bonsai_synth_0087_es_ES-davefx-medium.wav,87,es_ES-davefx-medium,es,,Hey Bonsai,1.025,0.641,0.836,-1.11,20.21,-5.11,white,16000,1000
hey_bonsai_synth_0088_ca_ES-upc_ona-medium.wav,88,ca_ES-upc_ona-medium,ca,,Hei Bonsai,1.007,0.58,0.924,0.0,22.79,-1.8,pink,16000,1000
hey_bonsai_synth_0089_en_US-lessac-medium.wav,89,en_US-lessac-medium,en,,"Hey, Bonsai",0.871,0.741,0.644,0.0,15.48,-2.14,white,16000,1000
hey_bonsai_synth_0090_es_ES-sharvard-medium.wav,90,es_ES-sharvard-medium,es,1,Hey Bonsai,0.97,0.565,0.74,0.0,22.61,-1.13,white,16000,1000
hey_bonsai_synth_0091_en_US-amy-medium.wav,91,en_US-amy-medium,en,,"Hey, Bonsai",1.003,0.684,0.641,0.0,20.06,0.52,white,16000,1000
hey_bonsai_synth_0092_en_GB-alba-medium.wav,92,en_GB-alba-medium,en,,Hey Bonsai.,1.049,0.786,0.729,0.0,17.51,-4.64,white,16000,1000
hey_bonsai_synth_0093_es_ES-sharvard-medium.wav,93,es_ES-sharvard-medium,es,0,Jey Bonsai,1.138,0.697,0.888,-1.97,20.94,-1.02,white,16000,1000
hey_bonsai_synth_0094_en_US-ryan-medium.wav,94,en_US-ryan-medium,en,,"Hey, Bonsai",1.064,0.551,0.65,1.01,18.48,2.19,white,16000,1000
hey_bonsai_synth_0095_es_ES-davefx-medium.wav,95,es_ES-davefx-medium,es,,Hey Bonsai,0.978,0.693,0.758,-1.23,23.22,-4.69,pink,16000,1000
hey_bonsai_synth_0096_ca_ES-upc_ona-medium.wav,96,ca_ES-upc_ona-medium,ca,,"Hey, Bonsai",0.97,0.785,0.735,1.9,16.06,0.38,white,16000,1000
hey_bonsai_synth_0097_en_US-lessac-medium.wav,97,en_US-lessac-medium,en,,Hey Bonsai,0.889,0.667,0.738,0.0,15.39,-3.9,white,16000,1000
hey_bonsai_synth_0098_es_ES-sharvard-medium.wav,98,es_ES-sharvard-medium,es,1,"Hey, Bonsái",1.024,0.785,0.695,-1.07,15.55,0.2,white,16000,1000
hey_bonsai_synth_0099_en_US-amy-medium.wav,99,en_US-amy-medium,en,,"Hey, Bonsai",1.094,0.755,0.871,0.0,20.3,-2.95,pink,16000,1000
hey_bonsai_synth_0100_en_GB-alba-medium.wav,100,en_GB-alba-medium,en,,Hey Bonsai.,0.927,0.63,0.699,-1.47,22.28,-4.4,white,16000,1000
hey_bonsai_synth_0101_es_ES-sharvard-medium.wav,101,es_ES-sharvard-medium,es,0,Jey Bonsai,1.058,0.722,0.69,0.0,20.96,-1.9,white,16000,1000
hey_bonsai_synth_0102_en_US-ryan-medium.wav,102,en_US-ryan-medium,en,,Hey Bonsai.,0.939,0.682,0.646,0.0,23.3,-0.28,pink,16000,1000
hey_bonsai_synth_0103_es_ES-davefx-medium.wav,103,es_ES-davefx-medium,es,,"Hey, Bonsái",0.962,0.576,0.665,0.0,23.85,-2.26,white,16000,1000
hey_bonsai_synth_0104_ca_ES-upc_ona-medium.wav,104,ca_ES-upc_ona-medium,ca,,"Hey, Bonsai",0.996,0.786,0.785,0.0,18.65,-3.17,white,16000,1000
hey_bonsai_synth_0105_en_US-lessac-medium.wav,105,en_US-lessac-medium,en,,"Hey, Bonsai",0.857,0.69,0.939,0.0,24.84,-0.71,white,16000,1000
hey_bonsai_synth_0106_es_ES-sharvard-medium.wav,106,es_ES-sharvard-medium,es,1,"Hey, Bonsái",0.981,0.695,0.893,1.12,18.28,-5.03,pink,16000,1000
hey_bonsai_synth_0107_en_US-amy-medium.wav,107,en_US-amy-medium,en,,"Hey, Bonsai",0.899,0.603,0.711,1.22,20.23,1.56,white,16000,1000
hey_bonsai_synth_0108_en_GB-alba-medium.wav,108,en_GB-alba-medium,en,,Hey Bonsai,1.172,0.703,0.664,-1.56,22.09,-2.81,pink,16000,1000
hey_bonsai_synth_0109_es_ES-sharvard-medium.wav,109,es_ES-sharvard-medium,es,0,Jey Bonsai,0.85,0.664,0.696,0.0,15.87,1.6,pink,16000,1000
hey_bonsai_synth_0110_en_US-ryan-medium.wav,110,en_US-ryan-medium,en,,Hey Bonsai,0.871,0.551,0.864,0.0,19.34,-4.22,white,16000,1000
hey_bonsai_synth_0111_es_ES-davefx-medium.wav,111,es_ES-davefx-medium,es,,Hey Bonsai,1.0,0.791,0.69,1.98,17.7,-5.94,pink,16000,1000
hey_bonsai_synth_0112_ca_ES-upc_ona-medium.wav,112,ca_ES-upc_ona-medium,ca,,"Hey, Bonsai",1.162,0.659,0.793,-1.36,21.62,-0.35,pink,16000,1000
hey_bonsai_synth_0113_en_US-lessac-medium.wav,113,en_US-lessac-medium,en,,"Hey, Bonsai",0.87,0.79,0.629,1.74,15.01,-5.3,pink,16000,1000
hey_bonsai_synth_0114_es_ES-sharvard-medium.wav,114,es_ES-sharvard-medium,es,1,"Hey, Bonsái",1.081,0.607,0.629,0.0,20.51,-2.14,white,16000,1000
hey_bonsai_synth_0115_en_US-amy-medium.wav,115,en_US-amy-medium,en,,Hey Bonsai,0.98,0.672,0.716,0.0,22.08,-3.88,white,16000,1000
hey_bonsai_synth_0116_en_GB-alba-medium.wav,116,en_GB-alba-medium,en,,Hey Bonsai,1.174,0.799,0.707,0.0,17.45,-3.48,white,16000,1000
hey_bonsai_synth_0117_es_ES-sharvard-medium.wav,117,es_ES-sharvard-medium,es,0,"Hey, Bonsái",1.187,0.667,0.752,0.0,17.02,-2.22,pink,16000,1000
hey_bonsai_synth_0118_en_US-ryan-medium.wav,118,en_US-ryan-medium,en,,"Hey, Bonsai",1.075,0.771,0.808,0.0,21.07,-2.56,pink,16000,1000
hey_bonsai_synth_0119_es_ES-davefx-medium.wav,119,es_ES-davefx-medium,es,,"Hey, Bonsái",1.039,0.637,0.857,0.0,15.26,-2.59,pink,16000,1000
hey_bonsai_synth_0120_ca_ES-upc_ona-medium.wav,120,ca_ES-upc_ona-medium,ca,,"Hey, Bonsai",1.067,0.637,0.67,0.0,21.59,-3.71,pink,16000,1000
hey_bonsai_synth_0121_en_US-lessac-medium.wav,121,en_US-lessac-medium,en,,"Hey, Bonsai",1.078,0.718,0.698,0.0,20.61,2.36,white,16000,1000
hey_bonsai_synth_0122_es_ES-sharvard-medium.wav,122,es_ES-sharvard-medium,es,1,"Hey, Bonsái",1.083,0.587,0.871,1.35,22.58,-3.97,pink,16000,1000
hey_bonsai_synth_0123_en_US-amy-medium.wav,123,en_US-amy-medium,en,,Hey Bonsai,0.934,0.568,0.67,1.05,18.7,-5.15,white,16000,1000
hey_bonsai_synth_0124_en_GB-alba-medium.wav,124,en_GB-alba-medium,en,,Hey Bonsai.,1.072,0.654,0.813,0.0,20.55,1.83,pink,16000,1000
hey_bonsai_synth_0125_es_ES-sharvard-medium.wav,125,es_ES-sharvard-medium,es,0,"Hey, Bonsái",0.872,0.626,0.738,0.0,21.45,0.52,white,16000,1000
hey_bonsai_synth_0126_en_US-ryan-medium.wav,126,en_US-ryan-medium,en,,Hey Bonsai,0.954,0.784,0.896,1.69,19.03,-3.22,white,16000,1000
hey_bonsai_synth_0127_es_ES-davefx-medium.wav,127,es_ES-davefx-medium,es,,"Hey, Bonsái",1.024,0.595,0.825,0.0,20.69,2.65,white,16000,1000
hey_bonsai_synth_0128_ca_ES-upc_ona-medium.wav,128,ca_ES-upc_ona-medium,ca,,"Hey, Bonsai",0.858,0.786,0.624,0.0,19.28,-3.87,pink,16000,1000
hey_bonsai_synth_0129_en_US-lessac-medium.wav,129,en_US-lessac-medium,en,,Hey Bonsai,1.019,0.742,0.696,0.0,18.26,-2.27,white,16000,1000
hey_bonsai_synth_0130_es_ES-sharvard-medium.wav,130,es_ES-sharvard-medium,es,1,Hey Bonsai,1.132,0.7,0.688,-1.16,20.68,-4.0,white,16000,1000
hey_bonsai_synth_0131_en_US-amy-medium.wav,131,en_US-amy-medium,en,,Hey Bonsai,0.922,0.653,0.621,-1.8,18.04,-1.57,pink,16000,1000
hey_bonsai_synth_0132_en_GB-alba-medium.wav,132,en_GB-alba-medium,en,,Hey Bonsai,1.185,0.601,0.843,0.0,24.48,-5.11,pink,16000,1000
hey_bonsai_synth_0133_es_ES-sharvard-medium.wav,133,es_ES-sharvard-medium,es,0,"Hey, Bonsái",0.965,0.684,0.689,-1.15,16.65,-1.15,white,16000,1000
hey_bonsai_synth_0134_en_US-ryan-medium.wav,134,en_US-ryan-medium,en,,Hey Bonsai.,1.119,0.751,0.661,1.94,19.74,1.63,pink,16000,1000
hey_bonsai_synth_0135_es_ES-davefx-medium.wav,135,es_ES-davefx-medium,es,,Jey Bonsai,1.077,0.677,0.939,0.0,22.46,-2.7,pink,16000,1000
hey_bonsai_synth_0136_ca_ES-upc_ona-medium.wav,136,ca_ES-upc_ona-medium,ca,,Hey Bonsai,1.018,0.619,0.782,0.0,21.17,0.7,white,16000,1000
hey_bonsai_synth_0137_en_US-lessac-medium.wav,137,en_US-lessac-medium,en,,Hey Bonsai,0.867,0.721,0.623,-1.65,15.71,2.04,pink,16000,1000
hey_bonsai_synth_0138_es_ES-sharvard-medium.wav,138,es_ES-sharvard-medium,es,1,Hey Bonsai,0.952,0.56,0.738,-1.95,22.9,2.05,white,16000,1000
hey_bonsai_synth_0139_en_US-amy-medium.wav,139,en_US-amy-medium,en,,Hey Bonsai,1.005,0.594,0.787,0.0,24.92,1.65,white,16000,1000
hey_bonsai_synth_0140_en_GB-alba-medium.wav,140,en_GB-alba-medium,en,,Hey Bonsai,1.125,0.708,0.913,0.0,19.41,1.56,pink,16000,1000
hey_bonsai_synth_0141_es_ES-sharvard-medium.wav,141,es_ES-sharvard-medium,es,0,"Hey, Bonsái",1.08,0.597,0.709,0.0,22.97,-5.8,pink,16000,1000
hey_bonsai_synth_0142_en_US-ryan-medium.wav,142,en_US-ryan-medium,en,,"Hey, Bonsai",1.175,0.659,0.87,0.0,23.84,-5.45,pink,16000,1000
hey_bonsai_synth_0143_es_ES-davefx-medium.wav,143,es_ES-davefx-medium,es,,Hey Bonsai,0.983,0.567,0.745,-1.04,24.97,-0.98,pink,16000,1000
hey_bonsai_synth_0144_ca_ES-upc_ona-medium.wav,144,ca_ES-upc_ona-medium,ca,,Hey Bonsai,0.865,0.772,0.716,0.0,17.24,-2.24,white,16000,1000
hey_bonsai_synth_0145_en_US-lessac-medium.wav,145,en_US-lessac-medium,en,,Hey Bonsai,1.061,0.566,0.933,0.0,23.11,-2.04,pink,16000,1000
hey_bonsai_synth_0146_es_ES-sharvard-medium.wav,146,es_ES-sharvard-medium,es,1,Jey Bonsai,1.194,0.657,0.617,-1.37,21.68,-5.55,white,16000,1000
hey_bonsai_synth_0147_en_US-amy-medium.wav,147,en_US-amy-medium,en,,Hey Bonsai,0.851,0.726,0.878,0.0,23.23,0.08,pink,16000,1000
hey_bonsai_synth_0148_en_GB-alba-medium.wav,148,en_GB-alba-medium,en,,Hey Bonsai.,0.991,0.699,0.888,1.2,16.48,-2.46,pink,16000,1000
hey_bonsai_synth_0149_es_ES-sharvard-medium.wav,149,es_ES-sharvard-medium,es,0,Jey Bonsai,1.081,0.556,0.839,1.07,22.99,-3.6,pink,16000,1000
hey_bonsai_synth_0150_en_US-ryan-medium.wav,150,en_US-ryan-medium,en,,"Hey, Bonsai",1.139,0.647,0.95,0.0,20.33,-1.38,pink,16000,1000
hey_bonsai_synth_0151_es_ES-davefx-medium.wav,151,es_ES-davefx-medium,es,,Hey Bonsai,0.887,0.655,0.734,0.0,16.25,0.19,pink,16000,1000
hey_bonsai_synth_0152_ca_ES-upc_ona-medium.wav,152,ca_ES-upc_ona-medium,ca,,"Hey, Bonsai",1.159,0.619,0.625,1.62,19.87,1.14,pink,16000,1000
hey_bonsai_synth_0153_en_US-lessac-medium.wav,153,en_US-lessac-medium,en,,Hey Bonsai,0.878,0.737,0.706,0.0,20.55,-0.17,pink,16000,1000
hey_bonsai_synth_0154_es_ES-sharvard-medium.wav,154,es_ES-sharvard-medium,es,1,Hey Bonsai,1.172,0.642,0.646,1.92,22.01,0.49,pink,16000,1000
hey_bonsai_synth_0155_en_US-amy-medium.wav,155,en_US-amy-medium,en,,Hey Bonsai,1.117,0.716,0.877,1.35,15.18,-2.13,pink,16000,1000
hey_bonsai_synth_0156_en_GB-alba-medium.wav,156,en_GB-alba-medium,en,,Hey Bonsai.,0.894,0.57,0.615,0.0,22.8,-3.58,pink,16000,1000
hey_bonsai_synth_0157_es_ES-sharvard-medium.wav,157,es_ES-sharvard-medium,es,0,Jey Bonsai,0.892,0.68,0.733,0.0,24.24,2.32,pink,16000,1000
hey_bonsai_synth_0158_en_US-ryan-medium.wav,158,en_US-ryan-medium,en,,Hey Bonsai,0.937,0.784,0.634,-1.37,21.63,-4.2,pink,16000,1000
hey_bonsai_synth_0159_es_ES-davefx-medium.wav,159,es_ES-davefx-medium,es,,"Hey, Bonsái",1.016,0.633,0.664,-1.41,23.05,-1.92,pink,16000,1000
hey_bonsai_synth_0160_ca_ES-upc_ona-medium.wav,160,ca_ES-upc_ona-medium,ca,,"Hey, Bonsai",0.914,0.679,0.659,0.0,22.79,-2.8,white,16000,1000
hey_bonsai_synth_0161_en_US-lessac-medium.wav,161,en_US-lessac-medium,en,,Hey Bonsai.,0.858,0.788,0.851,0.0,21.4,2.51,pink,16000,1000
hey_bonsai_synth_0162_es_ES-sharvard-medium.wav,162,es_ES-sharvard-medium,es,1,"Hey, Bonsái",0.852,0.673,0.695,-1.56,23.88,1.54,pink,16000,1000
hey_bonsai_synth_0163_en_US-amy-medium.wav,163,en_US-amy-medium,en,,"Hey, Bonsai",0.908,0.743,0.628,1.38,24.38,2.36,white,16000,1000
hey_bonsai_synth_0164_en_GB-alba-medium.wav,164,en_GB-alba-medium,en,,Hey Bonsai.,1.082,0.764,0.823,-1.17,22.06,-1.91,pink,16000,1000
hey_bonsai_synth_0165_es_ES-sharvard-medium.wav,165,es_ES-sharvard-medium,es,0,"Hey, Bonsái",0.968,0.688,0.602,-1.63,19.78,0.95,pink,16000,1000
hey_bonsai_synth_0166_en_US-ryan-medium.wav,166,en_US-ryan-medium,en,,Hey Bonsai,1.086,0.588,0.833,0.0,20.98,1.21,white,16000,1000
hey_bonsai_synth_0167_es_ES-davefx-medium.wav,167,es_ES-davefx-medium,es,,Jey Bonsai,0.928,0.773,0.882,0.0,18.83,-3.72,white,16000,1000
hey_bonsai_synth_0168_ca_ES-upc_ona-medium.wav,168,ca_ES-upc_ona-medium,ca,,"Hey, Bonsai",1.013,0.744,0.855,-1.2,17.39,-4.36,pink,16000,1000
hey_bonsai_synth_0169_en_US-lessac-medium.wav,169,en_US-lessac-medium,en,,Hey Bonsai.,1.092,0.744,0.874,0.0,23.37,2.84,pink,16000,1000
hey_bonsai_synth_0170_es_ES-sharvard-medium.wav,170,es_ES-sharvard-medium,es,1,"Hey, Bonsái",1.07,0.795,0.696,0.0,19.31,-1.74,white,16000,1000
hey_bonsai_synth_0171_en_US-amy-medium.wav,171,en_US-amy-medium,en,,Hey Bonsai,1.123,0.792,0.896,0.0,16.79,2.7,white,16000,1000
hey_bonsai_synth_0172_en_GB-alba-medium.wav,172,en_GB-alba-medium,en,,Hey Bonsai,0.983,0.682,0.65,0.0,18.81,2.09,white,16000,1000
hey_bonsai_synth_0173_es_ES-sharvard-medium.wav,173,es_ES-sharvard-medium,es,0,Jey Bonsai,1.057,0.67,0.809,0.0,16.68,-5.86,white,16000,1000
hey_bonsai_synth_0174_en_US-ryan-medium.wav,174,en_US-ryan-medium,en,,Hey Bonsai,1.119,0.625,0.822,0.0,21.87,-0.35,pink,16000,1000
hey_bonsai_synth_0175_es_ES-davefx-medium.wav,175,es_ES-davefx-medium,es,,Jey Bonsai,0.887,0.711,0.923,1.13,20.2,-3.88,pink,16000,1000
hey_bonsai_synth_0176_ca_ES-upc_ona-medium.wav,176,ca_ES-upc_ona-medium,ca,,Hei Bonsai,0.893,0.576,0.786,0.0,22.16,-4.63,white,16000,1000
hey_bonsai_synth_0177_en_US-lessac-medium.wav,177,en_US-lessac-medium,en,,Hey Bonsai,0.923,0.756,0.814,0.0,23.21,2.75,pink,16000,1000
hey_bonsai_synth_0178_es_ES-sharvard-medium.wav,178,es_ES-sharvard-medium,es,1,Jey Bonsai,0.987,0.702,0.606,-1.08,16.8,2.91,white,16000,1000
hey_bonsai_synth_0179_en_US-amy-medium.wav,179,en_US-amy-medium,en,,"Hey, Bonsai",1.029,0.693,0.764,0.0,17.19,-2.34,white,16000,1000
hey_bonsai_synth_0180_en_GB-alba-medium.wav,180,en_GB-alba-medium,en,,Hey Bonsai,1.178,0.732,0.723,1.17,22.07,1.63,pink,16000,1000
hey_bonsai_synth_0181_es_ES-sharvard-medium.wav,181,es_ES-sharvard-medium,es,0,Hey Bonsai,1.155,0.719,0.782,-1.78,22.96,1.57,pink,16000,1000
hey_bonsai_synth_0182_en_US-ryan-medium.wav,182,en_US-ryan-medium,en,,Hey Bonsai.,0.852,0.77,0.612,0.0,15.42,-4.19,white,16000,1000
hey_bonsai_synth_0183_es_ES-davefx-medium.wav,183,es_ES-davefx-medium,es,,Jey Bonsai,1.135,0.572,0.688,0.0,20.49,-3.29,pink,16000,1000
hey_bonsai_synth_0184_ca_ES-upc_ona-medium.wav,184,ca_ES-upc_ona-medium,ca,,Hei Bonsai,1.005,0.698,0.938,0.0,22.41,-2.48,pink,16000,1000
hey_bonsai_synth_0185_en_US-lessac-medium.wav,185,en_US-lessac-medium,en,,"Hey, Bonsai",1.17,0.789,0.779,1.17,21.59,-0.01,white,16000,1000
hey_bonsai_synth_0186_es_ES-sharvard-medium.wav,186,es_ES-sharvard-medium,es,1,"Hey, Bonsái",1.169,0.555,0.718,0.0,22.82,2.5,white,16000,1000
hey_bonsai_synth_0187_en_US-amy-medium.wav,187,en_US-amy-medium,en,,Hey Bonsai.,0.887,0.589,0.667,-1.16,17.5,-4.66,pink,16000,1000
hey_bonsai_synth_0188_en_GB-alba-medium.wav,188,en_GB-alba-medium,en,,"Hey, Bonsai",0.969,0.715,0.87,0.0,22.79,-3.05,white,16000,1000
hey_bonsai_synth_0189_es_ES-sharvard-medium.wav,189,es_ES-sharvard-medium,es,0,Hey Bonsai,1.189,0.564,0.905,-1.39,23.55,-4.73,white,16000,1000
hey_bonsai_synth_0190_en_US-ryan-medium.wav,190,en_US-ryan-medium,en,,Hey Bonsai,1.131,0.608,0.66,0.0,16.93,-3.27,pink,16000,1000
hey_bonsai_synth_0191_es_ES-davefx-medium.wav,191,es_ES-davefx-medium,es,,Hey Bonsai,1.12,0.585,0.934,-1.16,24.95,-4.8,pink,16000,1000
hey_bonsai_synth_0192_ca_ES-upc_ona-medium.wav,192,ca_ES-upc_ona-medium,ca,,Hei Bonsai,1.065,0.599,0.787,-1.84,24.21,-0.91,pink,16000,1000
hey_bonsai_synth_0193_en_US-lessac-medium.wav,193,en_US-lessac-medium,en,,Hey Bonsai,0.904,0.719,0.75,0.0,15.87,-1.54,pink,16000,1000
hey_bonsai_synth_0194_es_ES-sharvard-medium.wav,194,es_ES-sharvard-medium,es,1,"Hey, Bonsái",1.161,0.585,0.833,-1.75,20.06,-0.52,pink,16000,1000
hey_bonsai_synth_0195_en_US-amy-medium.wav,195,en_US-amy-medium,en,,Hey Bonsai,0.966,0.742,0.729,1.49,21.19,2.39,white,16000,1000
hey_bonsai_synth_0196_en_GB-alba-medium.wav,196,en_GB-alba-medium,en,,Hey Bonsai.,0.986,0.66,0.799,-1.48,16.83,-3.34,white,16000,1000
hey_bonsai_synth_0197_es_ES-sharvard-medium.wav,197,es_ES-sharvard-medium,es,0,Jey Bonsai,1.149,0.698,0.792,0.0,24.71,0.16,white,16000,1000
hey_bonsai_synth_0198_en_US-ryan-medium.wav,198,en_US-ryan-medium,en,,Hey Bonsai.,0.998,0.623,0.72,1.5,23.89,1.61,pink,16000,1000
hey_bonsai_synth_0199_es_ES-davefx-medium.wav,199,es_ES-davefx-medium,es,,"Hey, Bonsái",1.173,0.67,0.657,1.66,17.19,-0.13,white,16000,1000
hey_bonsai_synth_0200_ca_ES-upc_ona-medium.wav,200,ca_ES-upc_ona-medium,ca,,Hey Bonsai,0.901,0.647,0.678,1.49,15.97,2.74,white,16000,1000
hey_bonsai_synth_0201_en_US-lessac-medium.wav,201,en_US-lessac-medium,en,,"Hey, Bonsai",0.887,0.603,0.862,0.0,18.98,-4.84,white,16000,1000
hey_bonsai_synth_0202_es_ES-sharvard-medium.wav,202,es_ES-sharvard-medium,es,1,"Hey, Bonsái",0.886,0.694,0.689,-1.87,18.5,-3.76,white,16000,1000
hey_bonsai_synth_0203_en_US-amy-medium.wav,203,en_US-amy-medium,en,,Hey Bonsai.,1.121,0.614,0.817,0.0,18.39,0.48,pink,16000,1000
hey_bonsai_synth_0204_en_GB-alba-medium.wav,204,en_GB-alba-medium,en,,Hey Bonsai.,1.174,0.581,0.787,0.0,22.34,-3.43,white,16000,1000
hey_bonsai_synth_0205_es_ES-sharvard-medium.wav,205,es_ES-sharvard-medium,es,0,Jey Bonsai,1.069,0.714,0.864,0.0,24.89,-4.4,pink,16000,1000
hey_bonsai_synth_0206_en_US-ryan-medium.wav,206,en_US-ryan-medium,en,,Hey Bonsai,0.896,0.625,0.888,0.0,15.24,-1.26,pink,16000,1000
hey_bonsai_synth_0207_es_ES-davefx-medium.wav,207,es_ES-davefx-medium,es,,Jey Bonsai,1.022,0.622,0.679,-1.72,15.33,-5.89,white,16000,1000
hey_bonsai_synth_0208_ca_ES-upc_ona-medium.wav,208,ca_ES-upc_ona-medium,ca,,"Hey, Bonsai",0.935,0.618,0.795,0.0,20.19,-5.89,white,16000,1000
hey_bonsai_synth_0209_en_US-lessac-medium.wav,209,en_US-lessac-medium,en,,Hey Bonsai.,0.967,0.722,0.943,0.0,20.01,0.68,pink,16000,1000
hey_bonsai_synth_0210_es_ES-sharvard-medium.wav,210,es_ES-sharvard-medium,es,1,Hey Bonsai,1.191,0.629,0.667,1.35,24.83,-1.5,white,16000,1000
hey_bonsai_synth_0211_en_US-amy-medium.wav,211,en_US-amy-medium,en,,Hey Bonsai,1.157,0.759,0.809,0.0,19.5,-1.72,pink,16000,1000
hey_bonsai_synth_0212_en_GB-alba-medium.wav,212,en_GB-alba-medium,en,,Hey Bonsai,0.991,0.697,0.886,0.0,17.17,0.82,white,16000,1000
hey_bonsai_synth_0213_es_ES-sharvard-medium.wav,213,es_ES-sharvard-medium,es,0,Hey Bonsai,0.931,0.696,0.765,1.94,21.16,0.91,white,16000,1000
hey_bonsai_synth_0214_en_US-ryan-medium.wav,214,en_US-ryan-medium,en,,"Hey, Bonsai",0.956,0.688,0.697,-1.45,19.52,-0.64,pink,16000,1000
hey_bonsai_synth_0215_es_ES-davefx-medium.wav,215,es_ES-davefx-medium,es,,Jey Bonsai,0.876,0.771,0.648,1.54,19.8,-2.43,pink,16000,1000
hey_bonsai_synth_0216_ca_ES-upc_ona-medium.wav,216,ca_ES-upc_ona-medium,ca,,"Hey, Bonsai",1.166,0.611,0.682,1.11,20.81,-4.94,white,16000,1000
hey_bonsai_synth_0217_en_US-lessac-medium.wav,217,en_US-lessac-medium,en,,Hey Bonsai,1.032,0.692,0.627,1.68,19.23,0.99,white,16000,1000
hey_bonsai_synth_0218_es_ES-sharvard-medium.wav,218,es_ES-sharvard-medium,es,1,Jey Bonsai,1.058,0.759,0.882,0.0,17.93,2.17,pink,16000,1000
hey_bonsai_synth_0219_en_US-amy-medium.wav,219,en_US-amy-medium,en,,"Hey, Bonsai",1.068,0.623,0.767,0.0,15.49,-0.0,pink,16000,1000
hey_bonsai_synth_0220_en_GB-alba-medium.wav,220,en_GB-alba-medium,en,,"Hey, Bonsai",1.001,0.561,0.79,0.0,15.99,-0.03,pink,16000,1000
hey_bonsai_synth_0221_es_ES-sharvard-medium.wav,221,es_ES-sharvard-medium,es,0,Hey Bonsai,1.102,0.631,0.629,0.0,22.81,-0.7,pink,16000,1000
hey_bonsai_synth_0222_en_US-ryan-medium.wav,222,en_US-ryan-medium,en,,Hey Bonsai,1.138,0.707,0.848,-1.79,17.47,-2.66,white,16000,1000
hey_bonsai_synth_0223_es_ES-davefx-medium.wav,223,es_ES-davefx-medium,es,,Jey Bonsai,1.16,0.624,0.939,1.15,19.9,-0.32,white,16000,1000
hey_bonsai_synth_0224_ca_ES-upc_ona-medium.wav,224,ca_ES-upc_ona-medium,ca,,Hey Bonsai,1.178,0.555,0.811,1.89,21.63,-3.4,white,16000,1000
hey_bonsai_synth_0225_en_US-lessac-medium.wav,225,en_US-lessac-medium,en,,Hey Bonsai,1.078,0.61,0.671,-1.26,24.99,-2.8,pink,16000,1000
hey_bonsai_synth_0226_es_ES-sharvard-medium.wav,226,es_ES-sharvard-medium,es,1,Hey Bonsai,0.923,0.733,0.769,-1.18,16.83,-5.66,white,16000,1000
hey_bonsai_synth_0227_en_US-amy-medium.wav,227,en_US-amy-medium,en,,"Hey, Bonsai",0.92,0.785,0.667,0.0,23.51,-0.74,white,16000,1000
hey_bonsai_synth_0228_en_GB-alba-medium.wav,228,en_GB-alba-medium,en,,Hey Bonsai.,1.117,0.587,0.73,0.0,17.63,-3.02,pink,16000,1000
hey_bonsai_synth_0229_es_ES-sharvard-medium.wav,229,es_ES-sharvard-medium,es,0,Jey Bonsai,0.859,0.773,0.906,1.35,24.86,2.56,pink,16000,1000
hey_bonsai_synth_0230_en_US-ryan-medium.wav,230,en_US-ryan-medium,en,,Hey Bonsai.,1.133,0.798,0.753,0.0,23.43,0.08,pink,16000,1000
hey_bonsai_synth_0231_es_ES-davefx-medium.wav,231,es_ES-davefx-medium,es,,"Hey, Bonsái",0.982,0.551,0.926,-1.25,23.51,1.79,pink,16000,1000
hey_bonsai_synth_0232_ca_ES-upc_ona-medium.wav,232,ca_ES-upc_ona-medium,ca,,Hey Bonsai,0.978,0.691,0.875,0.0,15.65,0.5,white,16000,1000
hey_bonsai_synth_0233_en_US-lessac-medium.wav,233,en_US-lessac-medium,en,,Hey Bonsai.,1.068,0.76,0.809,-1.32,22.42,-4.8,white,16000,1000
hey_bonsai_synth_0234_es_ES-sharvard-medium.wav,234,es_ES-sharvard-medium,es,1,Hey Bonsai,1.073,0.569,0.798,1.43,15.65,-1.82,pink,16000,1000
hey_bonsai_synth_0235_en_US-amy-medium.wav,235,en_US-amy-medium,en,,Hey Bonsai,0.899,0.749,0.713,0.0,21.53,1.17,pink,16000,1000
hey_bonsai_synth_0236_en_GB-alba-medium.wav,236,en_GB-alba-medium,en,,Hey Bonsai.,0.889,0.784,0.947,0.0,17.47,-4.66,pink,16000,1000
hey_bonsai_synth_0237_es_ES-sharvard-medium.wav,237,es_ES-sharvard-medium,es,0,Hey Bonsai,1.027,0.734,0.864,0.0,21.93,-4.65,white,16000,1000
hey_bonsai_synth_0238_en_US-ryan-medium.wav,238,en_US-ryan-medium,en,,"Hey, Bonsai",1.091,0.756,0.864,1.31,19.11,-0.34,pink,16000,1000
hey_bonsai_synth_0239_es_ES-davefx-medium.wav,239,es_ES-davefx-medium,es,,Jey Bonsai,0.903,0.608,0.893,1.78,21.49,-0.53,white,16000,1000
hey_bonsai_synth_0240_ca_ES-upc_ona-medium.wav,240,ca_ES-upc_ona-medium,ca,,Hey Bonsai,1.011,0.676,0.893,0.0,16.77,-2.59,white,16000,1000
hey_bonsai_synth_0241_en_US-lessac-medium.wav,241,en_US-lessac-medium,en,,Hey Bonsai.,1.027,0.554,0.916,-1.62,23.07,-2.8,pink,16000,1000
hey_bonsai_synth_0242_es_ES-sharvard-medium.wav,242,es_ES-sharvard-medium,es,1,"Hey, Bonsái",0.962,0.554,0.76,-1.26,15.64,2.79,pink,16000,1000
hey_bonsai_synth_0243_en_US-amy-medium.wav,243,en_US-amy-medium,en,,Hey Bonsai,0.935,0.576,0.873,1.19,21.4,-2.06,white,16000,1000
hey_bonsai_synth_0244_en_GB-alba-medium.wav,244,en_GB-alba-medium,en,,Hey Bonsai.,1.2,0.767,0.729,1.21,15.72,1.25,white,16000,1000
hey_bonsai_synth_0245_es_ES-sharvard-medium.wav,245,es_ES-sharvard-medium,es,0,Jey Bonsai,1.182,0.717,0.841,0.0,22.57,-5.78,pink,16000,1000
hey_bonsai_synth_0246_en_US-ryan-medium.wav,246,en_US-ryan-medium,en,,"Hey, Bonsai",0.87,0.747,0.868,0.0,19.36,-5.44,pink,16000,1000
hey_bonsai_synth_0247_es_ES-davefx-medium.wav,247,es_ES-davefx-medium,es,,Jey Bonsai,1.166,0.702,0.894,-1.94,24.96,-3.82,white,16000,1000
hey_bonsai_synth_0248_ca_ES-upc_ona-medium.wav,248,ca_ES-upc_ona-medium,ca,,Hei Bonsai,0.973,0.71,0.905,0.0,16.9,1.72,pink,16000,1000
hey_bonsai_synth_0249_en_US-lessac-medium.wav,249,en_US-lessac-medium,en,,Hey Bonsai,1.041,0.751,0.754,0.0,15.37,1.25,pink,16000,1000
hey_bonsai_synth_0250_es_ES-sharvard-medium.wav,250,es_ES-sharvard-medium,es,1,Jey Bonsai,1.098,0.698,0.782,0.0,19.75,-1.46,white,16000,1000
hey_bonsai_synth_0251_en_US-amy-medium.wav,251,en_US-amy-medium,en,,Hey Bonsai,1.058,0.558,0.655,1.99,20.1,-0.67,pink,16000,1000
hey_bonsai_synth_0252_en_GB-alba-medium.wav,252,en_GB-alba-medium,en,,"Hey, Bonsai",1.122,0.569,0.836,0.0,17.9,-4.9,pink,16000,1000
hey_bonsai_synth_0253_es_ES-sharvard-medium.wav,253,es_ES-sharvard-medium,es,0,"Hey, Bonsái",1.054,0.578,0.774,-1.35,22.09,-2.37,white,16000,1000
hey_bonsai_synth_0254_en_US-ryan-medium.wav,254,en_US-ryan-medium,en,,Hey Bonsai,0.985,0.736,0.903,-1.27,21.06,-3.38,pink,16000,1000
hey_bonsai_synth_0255_es_ES-davefx-medium.wav,255,es_ES-davefx-medium,es,,Hey Bonsai,1.089,0.778,0.755,0.0,16.2,-1.7,pink,16000,1000
hey_bonsai_synth_0256_ca_ES-upc_ona-medium.wav,256,ca_ES-upc_ona-medium,ca,,Hey Bonsai,0.939,0.674,0.786,0.0,22.79,0.94,white,16000,1000
hey_bonsai_synth_0257_en_US-lessac-medium.wav,257,en_US-lessac-medium,en,,"Hey, Bonsai",0.956,0.704,0.916,0.0,24.14,-2.75,white,16000,1000
hey_bonsai_synth_0258_es_ES-sharvard-medium.wav,258,es_ES-sharvard-medium,es,1,Hey Bonsai,0.908,0.794,0.875,1.45,23.67,1.7,pink,16000,1000
hey_bonsai_synth_0259_en_US-amy-medium.wav,259,en_US-amy-medium,en,,Hey Bonsai.,1.055,0.685,0.874,0.0,24.7,2.23,pink,16000,1000
hey_bonsai_synth_0260_en_GB-alba-medium.wav,260,en_GB-alba-medium,en,,Hey Bonsai.,1.14,0.563,0.722,0.0,20.12,2.08,pink,16000,1000
hey_bonsai_synth_0261_es_ES-sharvard-medium.wav,261,es_ES-sharvard-medium,es,0,Jey Bonsai,1.092,0.798,0.77,0.0,21.82,-3.33,pink,16000,1000
hey_bonsai_synth_0262_en_US-ryan-medium.wav,262,en_US-ryan-medium,en,,Hey Bonsai,1.15,0.719,0.74,-1.97,21.35,-4.8,pink,16000,1000
hey_bonsai_synth_0263_es_ES-davefx-medium.wav,263,es_ES-davefx-medium,es,,Hey Bonsai,0.978,0.565,0.674,1.49,24.2,2.25,pink,16000,1000
hey_bonsai_synth_0264_ca_ES-upc_ona-medium.wav,264,ca_ES-upc_ona-medium,ca,,"Hey, Bonsai",0.996,0.572,0.805,1.23,22.94,-3.54,white,16000,1000
hey_bonsai_synth_0265_en_US-lessac-medium.wav,265,en_US-lessac-medium,en,,"Hey, Bonsai",1.139,0.611,0.928,1.04,23.99,-5.84,pink,16000,1000
hey_bonsai_synth_0266_es_ES-sharvard-medium.wav,266,es_ES-sharvard-medium,es,1,Jey Bonsai,1.142,0.628,0.815,0.0,16.92,1.02,pink,16000,1000
hey_bonsai_synth_0267_en_US-amy-medium.wav,267,en_US-amy-medium,en,,Hey Bonsai,1.026,0.691,0.854,-1.9,18.4,-4.73,white,16000,1000
hey_bonsai_synth_0268_en_GB-alba-medium.wav,268,en_GB-alba-medium,en,,"Hey, Bonsai",0.917,0.703,0.766,1.53,24.67,0.93,pink,16000,1000
hey_bonsai_synth_0269_es_ES-sharvard-medium.wav,269,es_ES-sharvard-medium,es,0,Jey Bonsai,1.186,0.751,0.92,-1.59,20.36,1.41,pink,16000,1000
hey_bonsai_synth_0270_en_US-ryan-medium.wav,270,en_US-ryan-medium,en,,Hey Bonsai.,0.854,0.668,0.627,-1.19,22.25,-1.36,pink,16000,1000
hey_bonsai_synth_0271_es_ES-davefx-medium.wav,271,es_ES-davefx-medium,es,,Hey Bonsai,0.98,0.656,0.866,0.0,17.6,-2.29,white,16000,1000
hey_bonsai_synth_0272_ca_ES-upc_ona-medium.wav,272,ca_ES-upc_ona-medium,ca,,Hey Bonsai,1.016,0.595,0.869,-1.51,22.28,-3.86,pink,16000,1000
hey_bonsai_synth_0273_en_US-lessac-medium.wav,273,en_US-lessac-medium,en,,Hey Bonsai.,0.889,0.566,0.679,-1.96,21.88,-2.53,white,16000,1000
hey_bonsai_synth_0274_es_ES-sharvard-medium.wav,274,es_ES-sharvard-medium,es,1,"Hey, Bonsái",1.101,0.778,0.858,0.0,16.93,0.11,white,16000,1000
hey_bonsai_synth_0275_en_US-amy-medium.wav,275,en_US-amy-medium,en,,Hey Bonsai,1.004,0.765,0.801,0.0,16.48,2.02,pink,16000,1000
hey_bonsai_synth_0276_en_GB-alba-medium.wav,276,en_GB-alba-medium,en,,Hey Bonsai,1.189,0.566,0.923,0.0,23.67,-4.64,white,16000,1000
hey_bonsai_synth_0277_es_ES-sharvard-medium.wav,277,es_ES-sharvard-medium,es,0,"Hey, Bonsái",0.907,0.599,0.937,0.0,18.47,-2.67,pink,16000,1000
hey_bonsai_synth_0278_en_US-ryan-medium.wav,278,en_US-ryan-medium,en,,Hey Bonsai,1.079,0.669,0.711,0.0,22.51,0.62,pink,16000,1000
hey_bonsai_synth_0279_es_ES-davefx-medium.wav,279,es_ES-davefx-medium,es,,Jey Bonsai,1.141,0.665,0.793,1.61,16.69,-4.76,pink,16000,1000
hey_bonsai_synth_0280_ca_ES-upc_ona-medium.wav,280,ca_ES-upc_ona-medium,ca,,Hey Bonsai,1.195,0.697,0.727,0.0,16.93,1.23,white,16000,1000
hey_bonsai_synth_0281_en_US-lessac-medium.wav,281,en_US-lessac-medium,en,,Hey Bonsai.,1.106,0.756,0.653,0.0,21.78,-1.96,pink,16000,1000
hey_bonsai_synth_0282_es_ES-sharvard-medium.wav,282,es_ES-sharvard-medium,es,1,Hey Bonsai,1.133,0.592,0.688,0.0,24.03,-0.84,white,16000,1000
hey_bonsai_synth_0283_en_US-amy-medium.wav,283,en_US-amy-medium,en,,Hey Bonsai.,0.938,0.76,0.826,0.0,22.57,-4.51,pink,16000,1000
hey_bonsai_synth_0284_en_GB-alba-medium.wav,284,en_GB-alba-medium,en,,Hey Bonsai.,0.942,0.706,0.945,1.48,23.11,-0.73,white,16000,1000
hey_bonsai_synth_0285_es_ES-sharvard-medium.wav,285,es_ES-sharvard-medium,es,0,Jey Bonsai,0.993,0.73,0.667,1.93,17.78,1.5,white,16000,1000
hey_bonsai_synth_0286_en_US-ryan-medium.wav,286,en_US-ryan-medium,en,,Hey Bonsai,0.939,0.715,0.695,0.0,21.69,-4.19,white,16000,1000
hey_bonsai_synth_0287_es_ES-davefx-medium.wav,287,es_ES-davefx-medium,es,,"Hey, Bonsái",0.913,0.729,0.686,0.0,19.05,2.7,pink,16000,1000
hey_bonsai_synth_0288_ca_ES-upc_ona-medium.wav,288,ca_ES-upc_ona-medium,ca,,Hey Bonsai,1.078,0.602,0.628,1.01,24.34,-5.77,pink,16000,1000
hey_bonsai_synth_0289_en_US-lessac-medium.wav,289,en_US-lessac-medium,en,,Hey Bonsai,1.091,0.566,0.916,-1.78,18.22,-5.01,pink,16000,1000
hey_bonsai_synth_0290_es_ES-sharvard-medium.wav,290,es_ES-sharvard-medium,es,1,Hey Bonsai,1.045,0.613,0.904,1.09,16.08,-3.13,pink,16000,1000
hey_bonsai_synth_0291_en_US-amy-medium.wav,291,en_US-amy-medium,en,,Hey Bonsai,1.185,0.732,0.899,0.0,20.07,-2.1,pink,16000,1000
hey_bonsai_synth_0292_en_GB-alba-medium.wav,292,en_GB-alba-medium,en,,Hey Bonsai.,1.14,0.634,0.622,0.0,20.15,-3.77,pink,16000,1000
hey_bonsai_synth_0293_es_ES-sharvard-medium.wav,293,es_ES-sharvard-medium,es,0,"Hey, Bonsái",0.93,0.776,0.81,0.0,15.43,2.09,white,16000,1000
hey_bonsai_synth_0294_en_US-ryan-medium.wav,294,en_US-ryan-medium,en,,Hey Bonsai.,0.911,0.557,0.932,1.75,15.78,-1.5,pink,16000,1000
hey_bonsai_synth_0295_es_ES-davefx-medium.wav,295,es_ES-davefx-medium,es,,Jey Bonsai,1.047,0.585,0.803,0.0,15.98,1.74,white,16000,1000
hey_bonsai_synth_0296_ca_ES-upc_ona-medium.wav,296,ca_ES-upc_ona-medium,ca,,"Hey, Bonsai",0.929,0.606,0.882,0.0,20.62,-4.31,pink,16000,1000
hey_bonsai_synth_0297_en_US-lessac-medium.wav,297,en_US-lessac-medium,en,,Hey Bonsai.,0.937,0.562,0.745,0.0,16.46,2.6,pink,16000,1000
hey_bonsai_synth_0298_es_ES-sharvard-medium.wav,298,es_ES-sharvard-medium,es,1,"Hey, Bonsái",1.195,0.609,0.645,0.0,17.28,-0.96,pink,16000,1000
hey_bonsai_synth_0299_en_US-amy-medium.wav,299,en_US-amy-medium,en,,Hey Bonsai.,1.092,0.588,0.895,0.0,18.68,1.23,white,16000,1000
